{"2": [0.033298689872026443, 0.04980152100324631, 0.005937561392784119, 0.14353826642036438, 0.04369128867983818, 0.03846143186092377, 0.08858617395162582, 0.18253161013126373, 0.2256769984960556, 0.06828083097934723], "3": [-0.2705172002315521, 0.0335695743560791, -0.00038795816362835467, 0.2287205308675766, 0.36524099111557007, 0.13111121952533722, -0.2212965488433838, 0.05791902542114258, -0.00442001735791564, -0.1402565836906433], "4": [-0.2705172002315521, 0.0335695743560791, -0.00038795816362835467, 0.2287205308675766, 0.36524099111557007, 0.13111121952533722, -0.2212965488433838, 0.05791902542114258, -0.00442001735791564, -0.1402565836906433], "5": [0.033298689872026443, 0.04980152100324631, 0.005937561392784119, 0.14353826642036438, 0.04369128867983818, 0.03846143186092377, 0.08858617395162582, 0.18253161013126373, 0.2256769984960556, 0.06828083097934723], "6": [0.033298689872026443, 0.04980152100324631, 0.005937561392784119, 0.14353826642036438, 0.04369128867983818, 0.03846143186092377, 0.08858617395162582, 0.18253161013126373, 0.2256769984960556, 0.06828083097934723], "0": [0.033298689872026443, 0.04980152100324631, 0.005937561392784119, 0.14353826642036438, 0.04369128867983818, 0.03846143186092377, 0.08858617395162582, 0.18253161013126373, 0.2256769984960556, 0.06828083097934723], "8": [-0.2705172002315521, 0.0335695743560791, -0.00038795816362835467, 0.2287205308675766, 0.36524099111557007, 0.13111121952533722, -0.2212965488433838, 0.05791902542114258, -0.00442001735791564, -0.1402565836906433], "1": [0.033298689872026443, 0.04980152100324631, 0.005937561392784119, 0.14353826642036438, 0.04369128867983818, 0.03846143186092377, 0.08858617395162582, 0.18253161013126373, 0.2256769984960556, 0.06828083097934723], "7": [-0.2705172002315521, 0.0335695743560791, -0.00038795816362835467, 0.2287205308675766, 0.36524099111557007, 0.13111121952533722, -0.2212965488433838, 0.05791902542114258, -0.00442001735791564, -0.1402565836906433]}