{"2": [-0.06473641842603683, 0.13630299270153046, 0.06327348947525024, 0.10756605118513107, 0.06120733544230461, -0.1713760644197464, -0.2182753086090088, 0.0010752415983006358, 0.01738709770143032, -0.09232431650161743], "5": [-0.11382831633090973, 0.09324712306261063, 0.1326880156993866, 0.12592750787734985, 0.1533074676990509, -0.09594646096229553, -0.11271236836910248, 0.07460130006074905, -0.11667531728744507, -0.1099669486284256], "3": [-0.06473641842603683, 0.13630299270153046, 0.06327348947525024, 0.10756605118513107, 0.06120733544230461, -0.1713760644197464, -0.2182753086090088, 0.0010752415983006358, 0.01738709770143032, -0.09232431650161743], "7": [-0.06473641842603683, 0.13630299270153046, 0.06327348947525024, 0.10756605118513107, 0.06120733544230461, -0.1713760644197464, -0.2182753086090088, 0.0010752415983006358, 0.01738709770143032, -0.09232431650161743], "1": [-0.06473641842603683, 0.13630299270153046, 0.06327348947525024, 0.10756605118513107, 0.06120733544230461, -0.1713760644197464, -0.2182753086090088, 0.0010752415983006358, 0.01738709770143032, -0.09232431650161743], "6": [-0.06473641842603683, 0.13630299270153046, 0.06327348947525024, 0.10756605118513107, 0.06120733544230461, -0.1713760644197464, -0.2182753086090088, 0.0010752415983006358, 0.01738709770143032, -0.09232431650161743], "8": [-0.06473641842603683, 0.13630299270153046, 0.06327348947525024, 0.10756605118513107, 0.06120733544230461, -0.1713760644197464, -0.2182753086090088, 0.0010752415983006358, 0.01738709770143032, -0.09232431650161743], "4": [-0.06473641842603683, 0.13630299270153046, 0.06327348947525024, 0.10756605118513107, 0.06120733544230461, -0.1713760644197464, -0.2182753086090088, 0.0010752415983006358, 0.01738709770143032, -0.09232431650161743], "0": [-0.11382831633090973, 0.09324712306261063, 0.1326880156993866, 0.12592750787734985, 0.1533074676990509, -0.09594646096229553, -0.11271236836910248, 0.07460130006074905, -0.11667531728744507, -0.1099669486284256]}