{"3": [0.0541810542345047, -0.014599025249481201, 0.01709352247416973, -0.11533334851264954, -0.016888976097106934, 0.1170710027217865, -0.006195758003741503, 0.1230238601565361, -0.027520423755049706, -0.02008221484720707], "1": [0.0541810542345047, -0.014599025249481201, 0.01709352247416973, -0.11533334851264954, -0.016888976097106934, 0.1170710027217865, -0.006195758003741503, 0.1230238601565361, -0.027520423755049706, -0.02008221484720707], "6": [0.0541810542345047, -0.014599025249481201, 0.01709352247416973, -0.11533334851264954, -0.016888976097106934, 0.1170710027217865, -0.006195758003741503, 0.1230238601565361, -0.027520423755049706, -0.02008221484720707], "7": [0.0541810542345047, -0.014599025249481201, 0.01709352247416973, -0.11533334851264954, -0.016888976097106934, 0.1170710027217865, -0.006195758003741503, 0.1230238601565361, -0.027520423755049706, -0.02008221484720707], "8": [0.0541810542345047, -0.014599025249481201, 0.01709352247416973, -0.11533334851264954, -0.016888976097106934, 0.1170710027217865, -0.006195758003741503, 0.1230238601565361, -0.027520423755049706, -0.02008221484720707], "2": [0.0541810542345047, -0.014599025249481201, 0.01709352247416973, -0.11533334851264954, -0.016888976097106934, 0.1170710027217865, -0.006195758003741503, 0.1230238601565361, -0.027520423755049706, -0.02008221484720707], "4": [0.0541810542345047, -0.014599025249481201, 0.01709352247416973, -0.11533334851264954, -0.016888976097106934, 0.1170710027217865, -0.006195758003741503, 0.1230238601565361, -0.027520423755049706, -0.02008221484720707], "5": [0.19015198945999146, -0.012437576428055763, -0.004150845110416412, 9.608057007426396e-05, -0.028803875669836998, 0.1396423876285553, 0.013663982041180134, 0.1046472042798996, -0.03936828300356865, 0.0020232051610946655], "0": [0.19015198945999146, -0.012437576428055763, -0.004150845110416412, 9.608057007426396e-05, -0.028803875669836998, 0.1396423876285553, 0.013663982041180134, 0.1046472042798996, -0.03936828300356865, 0.0020232051610946655]}