{"3": [0.1728685200214386, 0.42887675762176514, -0.10222028195858002, -0.4194607138633728, 0.10110838711261749], "4": [0.1728685200214386, 0.42887675762176514, -0.10222028195858002, -0.4194607138633728, 0.10110838711261749], "2": [-0.038902152329683304, 0.1257195919752121, -0.030051246285438538, 0.04694616422057152, 0.09618692845106125], "0": [-0.038902152329683304, 0.1257195919752121, -0.030051246285438538, 0.04694616422057152, 0.09618692845106125], "5": [0.1728685200214386, 0.42887675762176514, -0.10222028195858002, -0.4194607138633728, 0.10110838711261749], "1": [-0.038902152329683304, 0.1257195919752121, -0.030051246285438538, 0.04694616422057152, 0.09618692845106125], "13": [0.0018215070012956858, -0.07057037949562073, -0.186040997505188, 0.20400470495224, -0.017422012984752655], "10": [0.0018215070012956858, -0.07057037949562073, -0.186040997505188, 0.20400470495224, -0.017422012984752655], "11": [0.14994046092033386, 0.07823043316602707, -0.2525777816772461, -0.08450357615947723, -0.03852003067731857], "12": [0.0018215070012956858, -0.07057037949562073, -0.186040997505188, 0.20400470495224, -0.017422012984752655], "9": [0.0018215070012956858, -0.07057037949562073, -0.186040997505188, 0.20400470495224, -0.017422012984752655], "8": [0.0018215070012956858, -0.07057037949562073, -0.186040997505188, 0.20400470495224, -0.017422012984752655], "6": [0.1728685200214386, 0.42887675762176514, -0.10222028195858002, -0.4194607138633728, 0.10110838711261749], "7": [0.1728685200214386, 0.42887675762176514, -0.10222028195858002, -0.4194607138633728, 0.10110838711261749], "15": [0.14994046092033386, 0.07823043316602707, -0.2525777816772461, -0.08450357615947723, -0.03852003067731857], "16": [0.14994046092033386, 0.07823043316602707, -0.2525777816772461, -0.08450357615947723, -0.03852003067731857], "14": [0.14994046092033386, 0.07823043316602707, -0.2525777816772461, -0.08450357615947723, -0.03852003067731857]}