{"5": [-0.06883030384778976, -0.1894342601299286, 0.06896573305130005, -0.08066929131746292, -0.014603069052100182, 0.10208628326654434, -0.0666816309094429, -0.13572488725185394, -0.049892064183950424, -0.03374670445919037], "1": [-0.06883030384778976, -0.1894342601299286, 0.06896573305130005, -0.08066929131746292, -0.014603069052100182, 0.10208628326654434, -0.0666816309094429, -0.13572488725185394, -0.049892064183950424, -0.03374670445919037], "2": [-0.052044086158275604, -0.22702735662460327, 0.056980445981025696, 0.08337002992630005, 0.05158807709813118, 0.19054320454597473, -0.10926387459039688, -0.0022161449305713177, 0.0017615386750549078, -0.1607826203107834], "0": [-0.06883030384778976, -0.1894342601299286, 0.06896573305130005, -0.08066929131746292, -0.014603069052100182, 0.10208628326654434, -0.0666816309094429, -0.13572488725185394, -0.049892064183950424, -0.03374670445919037], "6": [-0.06883030384778976, -0.1894342601299286, 0.06896573305130005, -0.08066929131746292, -0.014603069052100182, 0.10208628326654434, -0.0666816309094429, -0.13572488725185394, -0.049892064183950424, -0.03374670445919037], "3": [-0.052044086158275604, -0.22702735662460327, 0.056980445981025696, 0.08337002992630005, 0.05158807709813118, 0.19054320454597473, -0.10926387459039688, -0.0022161449305713177, 0.0017615386750549078, -0.1607826203107834], "7": [-0.052044086158275604, -0.22702735662460327, 0.056980445981025696, 0.08337002992630005, 0.05158807709813118, 0.19054320454597473, -0.10926387459039688, -0.0022161449305713177, 0.0017615386750549078, -0.1607826203107834], "4": [-0.052044086158275604, -0.22702735662460327, 0.056980445981025696, 0.08337002992630005, 0.05158807709813118, 0.19054320454597473, -0.10926387459039688, -0.0022161449305713177, 0.0017615386750549078, -0.1607826203107834], "8": [-0.052044086158275604, -0.22702735662460327, 0.056980445981025696, 0.08337002992630005, 0.05158807709813118, 0.19054320454597473, -0.10926387459039688, -0.0022161449305713177, 0.0017615386750549078, -0.1607826203107834]}