{"4": [-0.09605132788419724, -0.0813257247209549, 0.22982366383075714, 0.06738205254077911, -0.23331204056739807], "3": [-0.09605132788419724, -0.0813257247209549, 0.22982366383075714, 0.06738205254077911, -0.23331204056739807], "2": [0.013538789935410023, -0.05000653117895126, -0.014581410214304924, 0.07935141026973724, -0.09594832360744476], "8": [-0.09605132788419724, -0.0813257247209549, 0.22982366383075714, 0.06738205254077911, -0.23331204056739807], "7": [-0.09605132788419724, -0.0813257247209549, 0.22982366383075714, 0.06738205254077911, -0.23331204056739807], "6": [0.013538789935410023, -0.05000653117895126, -0.014581410214304924, 0.07935141026973724, -0.09594832360744476], "1": [0.013538789935410023, -0.05000653117895126, -0.014581410214304924, 0.07935141026973724, -0.09594832360744476], "5": [0.013538789935410023, -0.05000653117895126, -0.014581410214304924, 0.07935141026973724, -0.09594832360744476], "0": [0.013538789935410023, -0.05000653117895126, -0.014581410214304924, 0.07935141026973724, -0.09594832360744476]}