{"7": [0.03269984573125839, 0.08540725708007812, 0.06607400625944138, 0.13874171674251556, 0.09976203739643097, -0.002717608120292425, -0.06711597740650177, 0.03740844130516052, 0.06304305046796799, 0.10084258764982224], "1": [0.03269984573125839, 0.08540725708007812, 0.06607400625944138, 0.13874171674251556, 0.09976203739643097, -0.002717608120292425, -0.06711597740650177, 0.03740844130516052, 0.06304305046796799, 0.10084258764982224], "3": [0.03269984573125839, 0.08540725708007812, 0.06607400625944138, 0.13874171674251556, 0.09976203739643097, -0.002717608120292425, -0.06711597740650177, 0.03740844130516052, 0.06304305046796799, 0.10084258764982224], "4": [0.03269984573125839, 0.08540725708007812, 0.06607400625944138, 0.13874171674251556, 0.09976203739643097, -0.002717608120292425, -0.06711597740650177, 0.03740844130516052, 0.06304305046796799, 0.10084258764982224], "8": [0.03269984573125839, 0.08540725708007812, 0.06607400625944138, 0.13874171674251556, 0.09976203739643097, -0.002717608120292425, -0.06711597740650177, 0.03740844130516052, 0.06304305046796799, 0.10084258764982224], "2": [0.03269984573125839, 0.08540725708007812, 0.06607400625944138, 0.13874171674251556, 0.09976203739643097, -0.002717608120292425, -0.06711597740650177, 0.03740844130516052, 0.06304305046796799, 0.10084258764982224], "6": [0.03269984573125839, 0.08540725708007812, 0.06607400625944138, 0.13874171674251556, 0.09976203739643097, -0.002717608120292425, -0.06711597740650177, 0.03740844130516052, 0.06304305046796799, 0.10084258764982224], "0": [0.07379448413848877, 0.0927121564745903, 0.12086519598960876, 0.08632981032133102, 0.13857628405094147, 0.07580246031284332, -0.06428172439336777, 0.04325330629944801, 0.19077123701572418, 0.10310503840446472], "5": [0.07379448413848877, 0.0927121564745903, 0.12086519598960876, 0.08632981032133102, 0.13857628405094147, 0.07580246031284332, -0.06428172439336777, 0.04325330629944801, 0.19077123701572418, 0.10310503840446472]}