{
  "14": [
    -0.013383384793996811,
    0.05269664153456688,
    -0.06955963373184204,
    -0.00029044016264379025,
    -0.036161746829748154,
    -0.05297233164310455,
    0.03740031644701958,
    0.005083033815026283,
    0.02841448411345482,
    0.004426074679940939,
    0.05886836722493172,
    -0.036233652383089066,
    -0.0016033007996156812,
    0.0014202625025063753,
    0.02898258902132511,
    -0.0011806556722149253,
    -0.023444849997758865,
    -0.0637487918138504,
    -0.028748713433742523,
    -0.05416635051369667,
    0.04113835468888283,
    0.08109895884990692,
    -0.0496702715754509,
    -0.01009858027100563,
    0.04897066950798035,
    -0.019193943589925766,
    -0.0020537124946713448,
    -0.005410622805356979,
    -0.014095967635512352,
    0.046514566987752914,
    -0.023977678269147873,
    0.04754464328289032,
    0.002621379913762212,
    -0.0783325582742691,
    0.0382530502974987,
    -0.026420442387461662,
    -0.0034363619051873684,
    -0.00031457762815989554,
    -0.02862260863184929,
    0.043597836047410965,
    0.02909562923014164,
    0.05004368722438812,
    0.02018001675605774,
    0.0276961512863636,
    0.003508379915729165,
    0.018146639689803123,
    -0.0061731282621622086,
    0.05740426108241081,
    -0.025879062712192535,
    -0.07952120900154114
  ],
  "8": [
    -0.013383384793996811,
    0.05269664153456688,
    -0.06955963373184204,
    -0.00029044016264379025,
    -0.036161746829748154,
    -0.05297233164310455,
    0.03740031644701958,
    0.005083033815026283,
    0.02841448411345482,
    0.004426074679940939,
    0.05886836722493172,
    -0.036233652383089066,
    -0.0016033007996156812,
    0.0014202625025063753,
    0.02898258902132511,
    -0.0011806556722149253,
    -0.023444849997758865,
    -0.0637487918138504,
    -0.028748713433742523,
    -0.05416635051369667,
    0.04113835468888283,
    0.08109895884990692,
    -0.0496702715754509,
    -0.01009858027100563,
    0.04897066950798035,
    -0.019193943589925766,
    -0.0020537124946713448,
    -0.005410622805356979,
    -0.014095967635512352,
    0.046514566987752914,
    -0.023977678269147873,
    0.04754464328289032,
    0.002621379913762212,
    -0.0783325582742691,
    0.0382530502974987,
    -0.026420442387461662,
    -0.0034363619051873684,
    -0.00031457762815989554,
    -0.02862260863184929,
    0.043597836047410965,
    0.02909562923014164,
    0.05004368722438812,
    0.02018001675605774,
    0.0276961512863636,
    0.003508379915729165,
    0.018146639689803123,
    -0.0061731282621622086,
    0.05740426108241081,
    -0.025879062712192535,
    -0.07952120900154114
  ],
  "12": [
    -0.013383384793996811,
    0.05269664153456688,
    -0.06955963373184204,
    -0.00029044016264379025,
    -0.036161746829748154,
    -0.05297233164310455,
    0.03740031644701958,
    0.005083033815026283,
    0.02841448411345482,
    0.004426074679940939,
    0.05886836722493172,
    -0.036233652383089066,
    -0.0016033007996156812,
    0.0014202625025063753,
    0.02898258902132511,
    -0.0011806556722149253,
    -0.023444849997758865,
    -0.0637487918138504,
    -0.028748713433742523,
    -0.05416635051369667,
    0.04113835468888283,
    0.08109895884990692,
    -0.0496702715754509,
    -0.01009858027100563,
    0.04897066950798035,
    -0.019193943589925766,
    -0.0020537124946713448,
    -0.005410622805356979,
    -0.014095967635512352,
    0.046514566987752914,
    -0.023977678269147873,
    0.04754464328289032,
    0.002621379913762212,
    -0.0783325582742691,
    0.0382530502974987,
    -0.026420442387461662,
    -0.0034363619051873684,
    -0.00031457762815989554,
    -0.02862260863184929,
    0.043597836047410965,
    0.02909562923014164,
    0.05004368722438812,
    0.02018001675605774,
    0.0276961512863636,
    0.003508379915729165,
    0.018146639689803123,
    -0.0061731282621622086,
    0.05740426108241081,
    -0.025879062712192535,
    -0.07952120900154114
  ],
  "7": [
    0.007941832765936852,
    0.06149059534072876,
    0.026413368061184883,
    0.02156517468392849,
    -0.0013349384535104036,
    -0.05913473293185234,
    0.025077059864997864,
    -0.0012345974100753665,
    0.008664795197546482,
    0.016672197729349136,
    0.020347775891423225,
    -0.016171185299754143,
    0.000876222038641572,
    -0.014895022846758366,
    -0.022456491366028786,
    0.017532499507069588,
    -0.03295468911528587,
    -0.02887273021042347,
    -0.02477201446890831,
    -0.04346330463886261,
    0.011342165991663933,
    0.0037335322704166174,
    -0.043897293508052826,
    -0.03292711824178696,
    -3.159194238833152e-05,
    -0.052683476358652115,
    0.040854599326848984,
    -0.03266482427716255,
    -0.041059840470552444,
    0.01882878877222538,
    -0.025937380269169807,
    0.03120473027229309,
    0.027972381561994553,
    -0.04508816823363304,
    0.040764011442661285,
    0.009051739238202572,
    -0.014943058602511883,
    0.03332723677158356,
    -0.02523542381823063,
    -0.01314841490238905,
    0.006995225325226784,
    0.022790156304836273,
    0.01947072148323059,
    -0.044065918773412704,
    0.0002799646172206849,
    -0.0009492353419773281,
    -0.012808415107429028,
    0.027012363076210022,
    0.008326675742864609,
    -0.024144379422068596
  ],
  "2": [
    -0.013383384793996811,
    0.05269664153456688,
    -0.06955963373184204,
    -0.00029044016264379025,
    -0.036161746829748154,
    -0.05297233164310455,
    0.03740031644701958,
    0.005083033815026283,
    0.02841448411345482,
    0.004426074679940939,
    0.05886836722493172,
    -0.036233652383089066,
    -0.0016033007996156812,
    0.0014202625025063753,
    0.02898258902132511,
    -0.0011806556722149253,
    -0.023444849997758865,
    -0.0637487918138504,
    -0.028748713433742523,
    -0.05416635051369667,
    0.04113835468888283,
    0.08109895884990692,
    -0.0496702715754509,
    -0.01009858027100563,
    0.04897066950798035,
    -0.019193943589925766,
    -0.0020537124946713448,
    -0.005410622805356979,
    -0.014095967635512352,
    0.046514566987752914,
    -0.023977678269147873,
    0.04754464328289032,
    0.002621379913762212,
    -0.0783325582742691,
    0.0382530502974987,
    -0.026420442387461662,
    -0.0034363619051873684,
    -0.00031457762815989554,
    -0.02862260863184929,
    0.043597836047410965,
    0.02909562923014164,
    0.05004368722438812,
    0.02018001675605774,
    0.0276961512863636,
    0.003508379915729165,
    0.018146639689803123,
    -0.0061731282621622086,
    0.05740426108241081,
    -0.025879062712192535,
    -0.07952120900154114
  ],
  "10": [
    -0.013383384793996811,
    0.05269664153456688,
    -0.06955963373184204,
    -0.00029044016264379025,
    -0.036161746829748154,
    -0.05297233164310455,
    0.03740031644701958,
    0.005083033815026283,
    0.02841448411345482,
    0.004426074679940939,
    0.05886836722493172,
    -0.036233652383089066,
    -0.0016033007996156812,
    0.0014202625025063753,
    0.02898258902132511,
    -0.0011806556722149253,
    -0.023444849997758865,
    -0.0637487918138504,
    -0.028748713433742523,
    -0.05416635051369667,
    0.04113835468888283,
    0.08109895884990692,
    -0.0496702715754509,
    -0.01009858027100563,
    0.04897066950798035,
    -0.019193943589925766,
    -0.0020537124946713448,
    -0.005410622805356979,
    -0.014095967635512352,
    0.046514566987752914,
    -0.023977678269147873,
    0.04754464328289032,
    0.002621379913762212,
    -0.0783325582742691,
    0.0382530502974987,
    -0.026420442387461662,
    -0.0034363619051873684,
    -0.00031457762815989554,
    -0.02862260863184929,
    0.043597836047410965,
    0.02909562923014164,
    0.05004368722438812,
    0.02018001675605774,
    0.0276961512863636,
    0.003508379915729165,
    0.018146639689803123,
    -0.0061731282621622086,
    0.05740426108241081,
    -0.025879062712192535,
    -0.07952120900154114
  ],